account_id,type,amount,description,timestamp
B6NO24NK,deposit,100.0,Deposit,2025-04-29T13:28:30.409337
B6NO24NK,withdraw,25.0,Withdrawal,2025-04-29T13:28:40.864521
B6NO24NK,deposit,100.0,Deposit,2025-04-29T13:45:19.889333
B6NO24NK,transfer,50.0,To 50P8G0CE,2025-04-29T13:47:01.516585
50P8G0CE,deposit,50.0,From B6NO24NK,2025-04-29T13:47:01.516598
14WH3VO9,deposit,250.0,Deposit,2025-04-30T09:21:07.610740
14WH3VO9,withdraw,50.0,Withdrawal,2025-04-30T09:21:16.792038
14WH3VO9,transfer,25.0,Transfer to I0S1TBWC,2025-04-30T09:21:41.211759
I0S1TBWC,deposit,25.0,Transfer from 14WH3VO9,2025-04-30T09:21:41.211778
